{
    "name": "Bouncer",
    "logo": {
      "light": "/logo/light.png",
      "dark": "/logo/dark.png"
    },
    "favicon": "/favicon.png",
    "colors": {
      "primary": "#01a4c6",
      "light": "#45C3DE",
      "dark": "#01a4c6"
    },
    "topbarCtaButton": {
      "name": "Sign Up",
      "url": "https://app.usebouncer.com/signup"
    },
    "topbarLinks": [
      {
        "name": "Log In",
        "url": "https://app.usebouncer.com/login"
      }
    ],
    "tabs": [
        {
            "name": "API Reference",
            "url": "api-reference"
        }
    ],
    "anchors": [
      {
        "name": "FAQ",
        "icon": "block-question",
        "url": "https://www.usebouncer.com/faq/"
      },
      {
        "name": "Privacy Policy",
        "icon": "lock",
        "url": "https://www.usebouncer.com/privacy-policy/"
      },
      {
        "name": "Status",
        "icon": "signal-bars",
        "url": "https://status.usebouncer.com/"
      }
    ],
    "navigation": [
      {
        "group": "Welcome to Bouncer",
        "pages": [
            "introduction",
            "getting-started",
            "terminology",
            "sandbox"                        
        ]
      },
      {
        "group": "Credits",
        "pages": [
          "api-reference/credits/check-available-credits"
        ]
      },
      {
        "group": "Real Time",
        "pages": [
          "api-reference/real-time/verify-email"
        ]
      },
      {
        "group": "Batch",
        "pages": [
          "api-reference/batch/create-batch-request",
          "api-reference/batch/check-status",
          "api-reference/batch/delete-request",
          "api-reference/batch/finish",
          "api-reference/batch/get-results"
        ]
      },
      {
        "group": "Batch Sync",
        "pages": [
          "api-reference/batch-sync/create-simple-batch-request"
        ]
      },
      {
        "group": "Toxicity",
        "pages": [
          "api-reference/toxicity/create-toxicity-list-job",
          "api-reference/toxicity/check-toxicity-list-job-status",
          "api-reference/toxicity/delete-toxicity-list-job",
          "api-reference/toxicity/download-toxicity-list-results"
        ]
      },
      {
        "group": "Domain",
        "pages": [
          "api-reference/domain/verify-domain"
        ]
      }
    ],
    "footerSocials":
      {
          "twitter": "https://twitter.com/UseBouncer",
          "linkedin": "https://www.linkedin.com/company/usebouncer/?originalSubdomain=pl"
      }
  }